account_id,account_name,plan_type,signup_date,mrr,seats,days_since_login,features_used,total_logins_30d,is_at_risk,is_silent_churn,last_support_ticket_date,nps_score
ACC-10000,Company 1,Free,2025-09-01,0,1,0,2,30,0,0,2025-09-23,
ACC-10001,Company 2,Business,2025-02-01,1188,11,14,4,16,0,0,2025-09-03,3
ACC-10002,Company 3,Team,2025-03-01,377,5,2,4,28,0,0,2025-10-19,
ACC-10003,Company 4,Free,2025-01-01,0,1,50,8,0,1,0,2025-10-14,
ACC-10004,Company 5,Free,2024-10-01,0,5,5,4,25,0,0,2025-11-21,1
ACC-10005,Company 6,Team,2025-01-01,377,19,5,5,25,0,0,2025-09-05,9
ACC-10006,Company 7,Free,2025-09-01,0,2,3,4,27,0,0,2025-11-24,0
ACC-10007,Company 8,Free,2024-11-01,0,4,119,6,0,1,1,,10
ACC-10008,Company 9,Business,2025-03-01,1881,26,15,7,15,0,0,2025-10-11,2
ACC-10009,Company 10,Free,2025-05-01,0,4,1,3,29,0,0,2025-10-08,6
ACC-10010,Company 11,Free,2025-01-01,0,5,39,1,0,0,0,2025-11-17,8
ACC-10011,Company 12,Team,2024-09-01,435,8,4,5,26,0,0,2025-11-09,1
ACC-10012,Company 13,Free,2025-09-01,0,3,3,1,27,0,0,2025-09-30,
ACC-10013,Company 14,Free,2024-12-01,0,3,9,2,21,0,0,,1
ACC-10014,Company 15,Business,2025-06-01,1782,18,25,7,5,0,0,2025-09-23,3
ACC-10015,Company 16,Free,2024-10-01,0,4,5,4,25,0,0,,9
ACC-10016,Company 17,Enterprise,2025-06-01,53892,200,8,4,22,0,0,,
ACC-10017,Company 18,Business,2024-11-01,1386,42,3,3,27,0,0,2025-09-19,3
ACC-10018,Company 19,Free,2025-04-01,0,4,3,7,27,0,0,2025-11-25,10
ACC-10019,Company 20,Free,2024-04-01,0,1,6,4,24,0,0,,6
ACC-10020,Company 21,Free,2024-06-01,0,3,7,2,23,0,0,,0
ACC-10021,Company 22,Free,2024-03-01,0,2,2,7,28,0,0,2025-11-10,6
ACC-10022,Company 23,Free,2024-09-01,0,4,107,8,0,1,1,,0
ACC-10023,Company 24,Team,2025-07-01,174,15,9,3,21,0,0,,2
ACC-10024,Company 25,Free,2024-03-01,0,5,1,4,29,0,0,2025-11-26,6
ACC-10025,Company 26,Free,2025-07-01,0,5,16,4,14,0,0,,
ACC-10026,Company 27,Business,2025-09-01,2871,39,10,2,20,0,0,,4
ACC-10027,Company 28,Free,2024-05-01,0,3,1,5,29,0,0,2025-09-09,10
ACC-10028,Company 29,Business,2025-06-01,2871,16,2,3,28,0,0,,5
ACC-10029,Company 30,Free,2024-07-01,0,3,59,2,0,1,0,2025-10-27,
ACC-10030,Company 31,Free,2024-11-01,0,2,13,7,17,0,0,2025-11-17,
ACC-10031,Company 32,Team,2024-05-01,174,16,2,1,28,0,0,2025-11-05,10
ACC-10032,Company 33,Team,2024-04-01,464,18,71,3,0,1,1,2025-11-28,
ACC-10033,Company 34,Business,2024-11-01,3564,25,4,1,26,0,0,2025-11-03,
ACC-10034,Company 35,Team,2025-03-01,464,14,3,6,27,0,0,,
ACC-10035,Company 36,Business,2024-09-01,3168,42,6,1,24,0,0,,2
ACC-10036,Company 37,Free,2025-07-01,0,3,0,6,30,0,0,2025-09-27,
ACC-10037,Company 38,Free,2025-07-01,0,2,4,4,26,0,0,2025-11-23,5
ACC-10038,Company 39,Team,2025-08-01,435,8,4,7,26,0,0,2025-09-22,
ACC-10039,Company 40,Business,2025-02-01,3366,21,4,5,26,0,0,,9
ACC-10040,Company 41,Enterprise,2025-09-01,65868,169,22,3,8,0,0,2025-10-26,10
ACC-10041,Company 42,Free,2025-08-01,0,3,1,4,29,0,0,,
ACC-10042,Company 43,Free,2025-04-01,0,5,22,4,8,0,0,2025-10-13,3
ACC-10043,Company 44,Team,2024-05-01,145,8,112,8,0,1,1,,1
ACC-10044,Company 45,Free,2025-03-01,0,2,29,8,1,0,0,2025-09-28,8
ACC-10045,Company 46,Business,2025-03-01,1980,40,55,5,0,1,0,2025-09-26,3
ACC-10046,Company 47,Business,2024-09-01,3762,14,4,2,26,0,0,,2
ACC-10047,Company 48,Free,2024-07-01,0,1,6,1,24,0,0,,9
ACC-10048,Company 49,Team,2024-01-01,493,20,0,7,30,0,0,2025-09-23,3
ACC-10049,Company 50,Team,2025-04-01,348,13,6,7,24,0,0,2025-10-03,9
ACC-10050,Company 51,Free,2025-06-01,0,1,6,7,24,0,0,,0
ACC-10051,Company 52,Business,2024-09-01,3366,30,22,7,8,0,0,,6
ACC-10052,Company 53,Free,2024-09-01,0,1,7,6,23,0,0,,
ACC-10053,Company 54,Business,2025-09-01,1188,11,14,4,16,0,0,,9
ACC-10054,Company 55,Free,2024-07-01,0,4,19,2,11,0,0,2025-11-11,1
ACC-10055,Company 56,Business,2025-07-01,1089,29,6,4,24,0,0,,10
ACC-10056,Company 57,Free,2025-08-01,0,1,19,2,11,0,0,2025-10-19,
ACC-10057,Company 58,Free,2025-02-01,0,4,42,8,0,0,0,2025-10-07,
ACC-10058,Company 59,Business,2025-05-01,2673,49,22,5,8,0,0,2025-10-31,1
ACC-10059,Company 60,Free,2024-09-01,0,4,22,6,8,0,0,,2
ACC-10060,Company 61,Free,2025-04-01,0,2,41,5,0,0,0,2025-09-26,1
ACC-10061,Company 62,Enterprise,2024-08-01,76846,175,30,8,0,0,0,2025-11-20,6
ACC-10062,Company 63,Enterprise,2024-08-01,63872,198,5,6,25,0,0,2025-10-04,4
ACC-10063,Company 64,Free,2024-08-01,0,1,18,3,12,0,0,,4
ACC-10064,Company 65,Team,2025-07-01,406,8,3,1,27,0,0,2025-11-15,0
ACC-10065,Company 66,Free,2025-06-01,0,3,2,1,28,0,0,2025-10-02,5
ACC-10066,Company 67,Free,2024-06-01,0,1,4,8,26,0,0,,0
ACC-10067,Company 68,Free,2024-05-01,0,2,10,7,20,0,0,2025-09-13,8
ACC-10068,Company 69,Team,2025-01-01,551,19,26,1,4,0,0,2025-11-19,3
ACC-10069,Company 70,Team,2025-09-01,319,13,13,3,17,0,0,,9
ACC-10070,Company 71,Team,2025-04-01,406,6,17,8,13,0,0,,4
ACC-10071,Company 72,Team,2025-09-01,319,18,1,5,29,0,0,2025-11-22,
ACC-10072,Company 73,Free,2024-10-01,0,5,22,7,8,0,0,2025-09-28,7
ACC-10073,Company 74,Free,2024-03-01,0,5,21,1,9,0,0,,9
ACC-10074,Company 75,Free,2025-07-01,0,1,26,8,4,0,0,2025-10-06,2
ACC-10075,Company 76,Free,2025-07-01,0,4,7,6,23,0,0,2025-11-11,7
ACC-10076,Company 77,Free,2024-10-01,0,4,0,2,30,0,0,2025-10-11,0
ACC-10077,Company 78,Business,2025-06-01,3861,36,14,8,16,0,0,2025-11-25,8
ACC-10078,Company 79,Free,2024-05-01,0,3,7,4,23,0,0,2025-10-23,8
ACC-10079,Company 80,Free,2025-02-01,0,1,11,3,19,0,0,2025-10-25,4
ACC-10080,Company 81,Free,2025-02-01,0,4,7,4,23,0,0,2025-09-27,2
ACC-10081,Company 82,Team,2024-03-01,377,18,5,5,25,0,0,2025-09-18,7
ACC-10082,Company 83,Team,2024-05-01,551,20,18,8,12,0,0,2025-11-07,3
ACC-10083,Company 84,Free,2025-07-01,0,4,21,7,9,0,0,2025-09-08,10
ACC-10084,Company 85,Free,2024-05-01,0,4,0,2,30,0,0,2025-10-06,
ACC-10085,Company 86,Team,2025-03-01,145,9,6,5,24,0,0,2025-09-04,1
ACC-10086,Company 87,Free,2024-11-01,0,5,51,8,0,1,0,2025-11-27,3
ACC-10087,Company 88,Business,2025-09-01,2772,24,21,2,9,0,0,2025-09-04,0
ACC-10088,Company 89,Team,2024-02-01,435,6,4,7,26,0,0,2025-11-08,
ACC-10089,Company 90,Free,2024-03-01,0,5,6,3,24,0,0,,7
ACC-10090,Company 91,Free,2024-09-01,0,1,7,8,23,0,0,2025-09-17,6
ACC-10091,Company 92,Enterprise,2024-09-01,82834,127,3,7,27,0,0,2025-09-19,4
ACC-10092,Company 93,Free,2024-01-01,0,4,8,1,22,0,0,2025-09-29,4
ACC-10093,Company 94,Free,2024-08-01,0,5,15,3,15,0,0,2025-09-12,4
ACC-10094,Company 95,Business,2025-03-01,1188,47,5,7,25,0,0,,
ACC-10095,Company 96,Business,2025-06-01,3267,43,39,8,0,0,0,2025-10-25,5
ACC-10096,Company 97,Enterprise,2024-04-01,84331,69,15,7,15,0,0,2025-09-21,6
ACC-10097,Company 98,Team,2024-01-01,377,8,19,7,11,0,0,2025-10-15,
ACC-10098,Company 99,Free,2024-08-01,0,4,0,4,30,0,0,2025-09-11,4
ACC-10099,Company 100,Free,2025-09-01,0,4,1,8,29,0,0,,8
ACC-10100,Company 101,Team,2024-05-01,493,19,105,7,0,1,1,2025-11-12,10
ACC-10101,Company 102,Free,2024-04-01,0,4,6,8,24,0,0,2025-11-01,1
ACC-10102,Company 103,Free,2024-12-01,0,5,5,2,25,0,0,2025-10-04,
ACC-10103,Company 104,Business,2024-07-01,4950,48,0,3,30,0,0,2025-11-05,
ACC-10104,Company 105,Free,2025-06-01,0,2,3,1,27,0,0,,2
ACC-10105,Company 106,Free,2025-06-01,0,3,2,1,28,0,0,2025-11-01,0
ACC-10106,Company 107,Free,2024-06-01,0,3,12,2,18,0,0,2025-10-16,1
ACC-10107,Company 108,Free,2025-03-01,0,5,27,5,3,0,0,2025-11-28,
ACC-10108,Company 109,Free,2025-04-01,0,4,29,8,1,0,0,,
ACC-10109,Company 110,Free,2025-08-01,0,2,12,6,18,0,0,2025-09-16,7
ACC-10110,Company 111,Free,2025-05-01,0,5,6,4,24,0,0,2025-11-02,7
ACC-10111,Company 112,Team,2025-01-01,522,8,5,3,25,0,0,2025-10-02,
ACC-10112,Company 113,Team,2024-03-01,203,18,19,6,11,0,0,2025-10-10,10
ACC-10113,Company 114,Free,2025-02-01,0,1,4,4,26,0,0,,1
ACC-10114,Company 115,Enterprise,2024-12-01,95808,144,49,1,0,1,0,2025-09-08,4
ACC-10115,Company 116,Free,2024-01-01,0,2,80,6,0,1,1,,9
ACC-10116,Company 117,Free,2025-01-01,0,1,28,4,2,0,0,2025-10-04,5
ACC-10117,Company 118,Business,2024-10-01,2970,46,9,1,21,0,0,2025-10-28,6
ACC-10118,Company 119,Free,2025-04-01,0,5,21,2,9,0,0,2025-11-17,10
ACC-10119,Company 120,Enterprise,2025-07-01,86826,184,86,1,0,1,1,,3
ACC-10120,Company 121,Free,2024-05-01,0,3,4,7,26,0,0,,3
ACC-10121,Company 122,Enterprise,2025-05-01,96307,140,1,1,29,0,0,2025-11-22,9
ACC-10122,Company 123,Free,2025-02-01,0,5,6,7,24,0,0,,9
ACC-10123,Company 124,Business,2025-03-01,3267,15,11,2,19,0,0,2025-10-23,3
ACC-10124,Company 125,Free,2024-11-01,0,2,24,4,6,0,0,2025-10-18,10
ACC-10125,Company 126,Enterprise,2024-05-01,54890,76,16,2,14,0,0,,7
ACC-10126,Company 127,Free,2025-03-01,0,5,29,6,1,0,0,2025-09-12,7
ACC-10127,Company 128,Free,2024-03-01,0,4,7,1,23,0,0,2025-11-22,7
ACC-10128,Company 129,Enterprise,2024-02-01,31936,144,116,2,0,1,1,2025-09-28,9
ACC-10129,Company 130,Free,2025-06-01,0,1,7,8,23,0,0,2025-11-24,5
ACC-10130,Company 131,Team,2024-03-01,290,6,30,3,0,0,0,2025-10-26,5
ACC-10131,Company 132,Team,2025-08-01,174,15,18,5,12,0,0,,9
ACC-10132,Company 133,Free,2024-05-01,0,3,52,5,0,1,0,2025-09-03,2
ACC-10133,Company 134,Team,2025-08-01,203,14,56,2,0,1,0,2025-10-08,0
ACC-10134,Company 135,Free,2024-12-01,0,3,2,4,28,0,0,2025-11-12,
ACC-10135,Company 136,Business,2024-04-01,4158,44,29,3,1,0,0,2025-11-12,
ACC-10136,Company 137,Free,2025-08-01,0,2,9,4,21,0,0,2025-09-14,7
ACC-10137,Company 138,Free,2024-08-01,0,5,3,4,27,0,0,2025-09-19,7
ACC-10138,Company 139,Enterprise,2024-10-01,73353,178,57,3,0,1,0,2025-11-25,5
ACC-10139,Company 140,Business,2025-06-01,1584,43,1,8,29,0,0,2025-11-13,1
ACC-10140,Company 141,Free,2024-08-01,0,4,5,6,25,0,0,,5
ACC-10141,Company 142,Team,2024-08-01,145,15,30,3,0,0,0,,7
ACC-10142,Company 143,Free,2024-05-01,0,4,7,5,23,0,0,,
ACC-10143,Company 144,Free,2025-08-01,0,5,6,2,24,0,0,,9
ACC-10144,Company 145,Free,2025-03-01,0,1,1,4,29,0,0,2025-10-25,9
ACC-10145,Company 146,Free,2024-12-01,0,2,6,6,24,0,0,,8
ACC-10146,Company 147,Free,2025-05-01,0,5,0,7,30,0,0,2025-10-30,5
ACC-10147,Company 148,Free,2024-03-01,0,3,29,6,1,0,0,,5
ACC-10148,Company 149,Enterprise,2025-09-01,46906,168,7,8,23,0,0,,3
ACC-10149,Company 150,Enterprise,2024-02-01,64870,129,6,4,24,0,0,,0
ACC-10150,Company 151,Team,2025-09-01,435,13,1,8,29,0,0,2025-10-13,2
ACC-10151,Company 152,Free,2025-04-01,0,4,5,7,25,0,0,,2
ACC-10152,Company 153,Free,2025-06-01,0,3,11,5,19,0,0,2025-10-08,
ACC-10153,Company 154,Business,2025-03-01,3168,38,0,1,30,0,0,,5
ACC-10154,Company 155,Team,2025-05-01,290,5,2,3,28,0,0,,5
ACC-10155,Company 156,Free,2024-12-01,0,4,0,6,30,0,0,2025-11-22,8
ACC-10156,Company 157,Business,2024-12-01,3465,30,15,8,15,0,0,2025-09-21,
ACC-10157,Company 158,Business,2024-09-01,3762,23,4,3,26,0,0,2025-10-05,
ACC-10158,Company 159,Business,2025-03-01,1485,30,30,5,0,0,0,2025-09-02,10
ACC-10159,Company 160,Team,2024-06-01,464,12,1,8,29,0,0,,5
ACC-10160,Company 161,Team,2025-03-01,261,7,17,7,13,0,0,2025-09-19,
ACC-10161,Company 162,Free,2024-11-01,0,1,7,3,23,0,0,2025-11-15,0
ACC-10162,Company 163,Business,2024-04-01,4257,19,81,4,0,1,1,2025-09-26,1
ACC-10163,Company 164,Business,2024-09-01,2178,50,12,2,18,0,0,2025-11-10,9
ACC-10164,Company 165,Free,2024-05-01,0,2,32,2,0,0,0,,9
ACC-10165,Company 166,Free,2024-09-01,0,2,6,5,24,0,0,2025-10-24,10
ACC-10166,Company 167,Free,2025-01-01,0,3,7,7,23,0,0,2025-11-05,2
ACC-10167,Company 168,Business,2024-11-01,2970,32,12,2,18,0,0,2025-10-03,
ACC-10168,Company 169,Enterprise,2025-03-01,56387,86,40,7,0,0,0,,2
ACC-10169,Company 170,Free,2024-11-01,0,5,5,8,25,0,0,2025-10-23,1
ACC-10170,Company 171,Free,2025-01-01,0,5,7,1,23,0,0,,10
ACC-10171,Company 172,Free,2025-04-01,0,3,44,6,0,0,0,2025-10-16,
ACC-10172,Company 173,Enterprise,2024-02-01,97305,193,3,8,27,0,0,2025-10-27,9
ACC-10173,Company 174,Business,2025-08-01,1683,18,111,6,0,1,1,2025-11-06,6
ACC-10174,Company 175,Business,2025-05-01,1188,12,53,8,0,1,0,,2
ACC-10175,Company 176,Free,2024-11-01,0,5,13,5,17,0,0,2025-09-28,8
ACC-10176,Company 177,Free,2025-04-01,0,5,4,2,26,0,0,2025-09-18,10
ACC-10177,Company 178,Free,2024-01-01,0,5,111,4,0,1,1,2025-09-18,8
ACC-10178,Company 179,Free,2025-09-01,0,5,6,2,24,0,0,,6
ACC-10179,Company 180,Business,2024-05-01,3564,23,100,1,0,1,1,2025-09-26,5
ACC-10180,Company 181,Business,2025-04-01,4257,34,13,6,17,0,0,2025-09-05,4
ACC-10181,Company 182,Enterprise,2025-08-01,86327,99,3,5,27,0,0,2025-09-02,7
ACC-10182,Company 183,Enterprise,2024-11-01,85828,139,17,7,13,0,0,2025-10-12,2
ACC-10183,Company 184,Free,2024-10-01,0,1,83,5,0,1,1,2025-11-04,8
ACC-10184,Company 185,Team,2024-09-01,377,9,1,1,29,0,0,2025-09-25,3
ACC-10185,Company 186,Business,2024-02-01,1584,36,30,3,0,0,0,,2
ACC-10186,Company 187,Business,2025-02-01,3960,40,17,2,13,0,0,2025-11-02,0
ACC-10187,Company 188,Free,2024-06-01,0,4,9,3,21,0,0,2025-10-25,0
ACC-10188,Company 189,Free,2024-10-01,0,5,90,8,0,1,1,2025-11-14,7
ACC-10189,Company 190,Free,2024-09-01,0,2,1,5,29,0,0,2025-11-30,4
ACC-10190,Company 191,Enterprise,2025-07-01,49401,94,6,2,24,0,0,,
ACC-10191,Company 192,Team,2024-11-01,348,5,20,6,10,0,0,2025-09-19,
ACC-10192,Company 193,Free,2025-09-01,0,3,3,3,27,0,0,2025-09-28,4
ACC-10193,Company 194,Team,2024-04-01,406,16,3,6,27,0,0,2025-09-22,8
ACC-10194,Company 195,Team,2024-07-01,348,7,7,2,23,0,0,,8
ACC-10195,Company 196,Free,2024-07-01,0,5,13,2,17,0,0,2025-09-18,8
ACC-10196,Company 197,Free,2025-03-01,0,1,7,1,23,0,0,2025-09-06,0
ACC-10197,Company 198,Team,2025-01-01,377,5,3,2,27,0,0,2025-11-24,1
ACC-10198,Company 199,Free,2025-04-01,0,1,4,7,26,0,0,2025-10-14,6
ACC-10199,Company 200,Team,2025-01-01,203,9,5,3,25,0,0,2025-11-03,0
ACC-10200,Company 201,Free,2024-10-01,0,4,6,8,24,0,0,2025-10-27,
ACC-10201,Company 202,Business,2024-04-01,1188,36,0,1,30,0,0,2025-09-06,0
ACC-10202,Company 203,Free,2024-08-01,0,1,6,1,24,0,0,,3
ACC-10203,Company 204,Free,2025-07-01,0,3,5,4,25,0,0,2025-10-27,
ACC-10204,Company 205,Business,2025-07-01,2079,50,64,7,0,1,1,2025-10-22,6
ACC-10205,Company 206,Free,2024-05-01,0,3,6,4,24,0,0,2025-09-02,
ACC-10206,Company 207,Free,2025-03-01,0,1,6,4,24,0,0,,1
ACC-10207,Company 208,Free,2025-03-01,0,3,1,5,29,0,0,2025-09-15,1
ACC-10208,Company 209,Team,2024-07-01,319,20,3,4,27,0,0,2025-11-16,7
ACC-10209,Company 210,Team,2024-08-01,319,17,3,8,27,0,0,2025-10-17,5
ACC-10210,Company 211,Team,2025-05-01,580,19,1,4,29,0,0,2025-10-10,
ACC-10211,Company 212,Free,2024-08-01,0,2,16,7,14,0,0,,
ACC-10212,Company 213,Free,2024-08-01,0,4,102,6,0,1,1,,10
ACC-10213,Company 214,Free,2025-04-01,0,4,19,8,11,0,0,,10
ACC-10214,Company 215,Free,2024-02-01,0,5,0,1,30,0,0,2025-09-12,2
ACC-10215,Company 216,Free,2024-01-01,0,2,19,8,11,0,0,2025-11-29,
ACC-10216,Company 217,Free,2025-06-01,0,4,0,5,30,0,0,,10
ACC-10217,Company 218,Free,2025-02-01,0,2,1,5,29,0,0,2025-10-28,1
ACC-10218,Company 219,Business,2024-12-01,3465,39,30,2,0,0,0,2025-09-09,1
ACC-10219,Company 220,Free,2025-01-01,0,4,25,3,5,0,0,,10
ACC-10220,Company 221,Free,2024-11-01,0,5,1,8,29,0,0,,10
ACC-10221,Company 222,Team,2024-09-01,174,10,5,7,25,0,0,2025-10-24,
ACC-10222,Company 223,Free,2024-08-01,0,5,6,3,24,0,0,2025-09-04,8
ACC-10223,Company 224,Team,2024-12-01,174,8,6,7,24,0,0,2025-10-21,
ACC-10224,Company 225,Business,2024-09-01,3762,41,3,7,27,0,0,,3
ACC-10225,Company 226,Business,2024-03-01,1485,27,20,7,10,0,0,2025-11-18,
ACC-10226,Company 227,Free,2024-10-01,0,4,5,7,25,0,0,2025-09-21,1
ACC-10227,Company 228,Business,2024-01-01,1485,32,1,7,29,0,0,,1
ACC-10228,Company 229,Free,2025-06-01,0,2,2,5,28,0,0,,
ACC-10229,Company 230,Free,2024-06-01,0,4,21,6,9,0,0,,10
ACC-10230,Company 231,Free,2025-04-01,0,5,3,7,27,0,0,2025-09-13,5
ACC-10231,Company 232,Enterprise,2025-03-01,67365,160,99,4,0,1,1,2025-11-09,5
ACC-10232,Company 233,Free,2024-10-01,0,4,43,7,0,0,0,2025-09-20,
ACC-10233,Company 234,Free,2025-06-01,0,2,0,5,30,0,0,2025-11-23,6
ACC-10234,Company 235,Team,2025-04-01,261,14,16,7,14,0,0,,7
ACC-10235,Company 236,Free,2025-07-01,0,4,111,2,0,1,1,,10
ACC-10236,Company 237,Free,2024-12-01,0,2,26,6,4,0,0,2025-10-07,
ACC-10237,Company 238,Free,2024-04-01,0,3,24,4,6,0,0,2025-10-12,10
ACC-10238,Company 239,Free,2025-07-01,0,5,2,7,28,0,0,2025-11-21,
ACC-10239,Company 240,Free,2024-05-01,0,3,4,8,26,0,0,2025-11-19,7
ACC-10240,Company 241,Free,2024-11-01,0,1,4,6,26,0,0,2025-09-06,3
ACC-10241,Company 242,Team,2025-05-01,290,10,5,7,25,0,0,2025-11-08,6
ACC-10242,Company 243,Free,2025-01-01,0,1,3,4,27,0,0,,1
ACC-10243,Company 244,Free,2025-07-01,0,1,2,5,28,0,0,2025-09-30,10
ACC-10244,Company 245,Business,2024-11-01,4752,34,6,8,24,0,0,2025-09-06,4
ACC-10245,Company 246,Free,2025-08-01,0,5,1,5,29,0,0,,2
ACC-10246,Company 247,Team,2025-05-01,493,18,2,3,28,0,0,2025-09-30,2
ACC-10247,Company 248,Free,2024-11-01,0,4,0,7,30,0,0,2025-09-28,6
ACC-10248,Company 249,Free,2025-04-01,0,4,23,4,7,0,0,,8
ACC-10249,Company 250,Free,2024-10-01,0,2,26,2,4,0,0,2025-10-28,5
ACC-10250,Company 251,Free,2025-06-01,0,1,7,4,23,0,0,,7
ACC-10251,Company 252,Free,2024-09-01,0,3,22,4,8,0,0,,5
ACC-10252,Company 253,Free,2025-08-01,0,4,2,4,28,0,0,2025-09-20,4
ACC-10253,Company 254,Free,2025-08-01,0,5,2,5,28,0,0,2025-09-27,10
ACC-10254,Company 255,Free,2024-04-01,0,2,9,3,21,0,0,,3
ACC-10255,Company 256,Free,2025-01-01,0,4,26,7,4,0,0,2025-09-11,1
ACC-10256,Company 257,Free,2025-01-01,0,5,4,8,26,0,0,2025-12-01,1
ACC-10257,Company 258,Free,2025-03-01,0,3,74,4,0,1,1,2025-10-21,5
ACC-10258,Company 259,Free,2025-06-01,0,5,26,1,4,0,0,,7
ACC-10259,Company 260,Team,2024-01-01,232,10,7,3,23,0,0,2025-10-24,
ACC-10260,Company 261,Free,2024-09-01,0,1,16,3,14,0,0,,3
ACC-10261,Company 262,Team,2025-02-01,203,8,0,4,30,0,0,2025-10-06,
ACC-10262,Company 263,Team,2024-11-01,232,18,2,2,28,0,0,,4
ACC-10263,Company 264,Free,2024-05-01,0,4,2,1,28,0,0,2025-11-10,3
ACC-10264,Company 265,Business,2025-09-01,1881,36,7,2,23,0,0,2025-10-13,6
ACC-10265,Company 266,Business,2024-11-01,1782,25,28,5,2,0,0,2025-09-04,
ACC-10266,Company 267,Free,2024-10-01,0,2,3,4,27,0,0,2025-11-17,10
ACC-10267,Company 268,Free,2025-08-01,0,1,0,7,30,0,0,2025-09-05,
ACC-10268,Company 269,Business,2025-04-01,1386,11,1,1,29,0,0,2025-10-12,10
ACC-10269,Company 270,Team,2025-05-01,522,18,10,3,20,0,0,,8
ACC-10270,Company 271,Free,2024-07-01,0,2,20,2,10,0,0,2025-10-07,3
ACC-10271,Company 272,Free,2024-02-01,0,2,21,1,9,0,0,2025-09-08,1
ACC-10272,Company 273,Free,2024-01-01,0,2,13,5,17,0,0,,
ACC-10273,Company 274,Free,2024-09-01,0,1,0,2,30,0,0,,10
ACC-10274,Company 275,Team,2024-03-01,580,19,9,6,21,0,0,,9
ACC-10275,Company 276,Free,2024-04-01,0,2,0,1,30,0,0,2025-10-13,2
ACC-10276,Company 277,Free,2024-02-01,0,5,6,6,24,0,0,,
ACC-10277,Company 278,Team,2024-12-01,232,6,94,7,0,1,1,,4
ACC-10278,Company 279,Free,2024-10-01,0,3,1,5,29,0,0,2025-10-24,3
ACC-10279,Company 280,Free,2025-03-01,0,3,14,4,16,0,0,,0
ACC-10280,Company 281,Team,2024-08-01,464,5,5,5,25,0,0,,3
ACC-10281,Company 282,Business,2025-02-01,4059,13,2,4,28,0,0,2025-09-26,5
ACC-10282,Company 283,Free,2025-03-01,0,1,35,2,0,0,0,2025-11-24,2
ACC-10283,Company 284,Free,2024-08-01,0,3,4,6,26,0,0,2025-10-28,3
ACC-10284,Company 285,Free,2024-05-01,0,5,1,6,29,0,0,2025-09-24,3
ACC-10285,Company 286,Free,2025-03-01,0,3,7,5,23,0,0,2025-09-03,3
ACC-10286,Company 287,Free,2024-11-01,0,2,1,1,29,0,0,2025-10-29,2
ACC-10287,Company 288,Free,2024-01-01,0,4,7,8,23,0,0,,1
ACC-10288,Company 289,Free,2024-01-01,0,1,3,2,27,0,0,2025-10-29,1
ACC-10289,Company 290,Free,2024-01-01,0,1,3,6,27,0,0,,0
ACC-10290,Company 291,Free,2024-06-01,0,5,6,7,24,0,0,,2
ACC-10291,Company 292,Free,2024-09-01,0,3,12,4,18,0,0,2025-09-29,8
ACC-10292,Company 293,Free,2025-04-01,0,1,1,4,29,0,0,2025-09-23,6
ACC-10293,Company 294,Free,2024-12-01,0,4,19,7,11,0,0,,
ACC-10294,Company 295,Free,2025-08-01,0,2,112,6,0,1,1,2025-11-02,1
ACC-10295,Company 296,Business,2024-08-01,2475,27,115,7,0,1,1,2025-11-09,
ACC-10296,Company 297,Free,2025-07-01,0,3,26,3,4,0,0,2025-11-07,7
ACC-10297,Company 298,Team,2025-06-01,406,10,7,4,23,0,0,,5
ACC-10298,Company 299,Team,2025-08-01,319,9,36,6,0,0,0,,
ACC-10299,Company 300,Free,2024-05-01,0,1,106,7,0,1,1,2025-10-19,2
ACC-10300,Company 301,Free,2024-06-01,0,4,28,6,2,0,0,,2
ACC-10301,Company 302,Free,2025-01-01,0,3,4,7,26,0,0,2025-09-20,
ACC-10302,Company 303,Free,2025-08-01,0,3,67,3,0,1,1,2025-11-22,5
ACC-10303,Company 304,Team,2024-06-01,203,15,7,2,23,0,0,2025-11-18,0
ACC-10304,Company 305,Free,2025-01-01,0,4,6,7,24,0,0,2025-10-14,
ACC-10305,Company 306,Free,2025-04-01,0,5,13,1,17,0,0,,1
ACC-10306,Company 307,Free,2024-03-01,0,3,2,2,28,0,0,2025-09-14,0
ACC-10307,Company 308,Free,2025-02-01,0,2,6,4,24,0,0,2025-09-22,8
ACC-10308,Company 309,Team,2024-09-01,406,14,11,8,19,0,0,,6
ACC-10309,Company 310,Free,2024-03-01,0,3,7,5,23,0,0,2025-10-02,4
ACC-10310,Company 311,Free,2025-01-01,0,4,29,7,1,0,0,,5
ACC-10311,Company 312,Enterprise,2024-06-01,81836,61,4,5,26,0,0,2025-11-12,10
ACC-10312,Company 313,Team,2024-04-01,203,16,6,7,24,0,0,2025-10-09,10
ACC-10313,Company 314,Free,2025-04-01,0,5,3,1,27,0,0,2025-09-26,10
ACC-10314,Company 315,Free,2025-08-01,0,2,71,4,0,1,1,,10
ACC-10315,Company 316,Free,2025-02-01,0,2,39,2,0,0,0,,8
ACC-10316,Company 317,Free,2024-11-01,0,3,8,7,22,0,0,,
ACC-10317,Company 318,Free,2025-07-01,0,5,1,5,29,0,0,2025-10-18,4
ACC-10318,Company 319,Free,2025-01-01,0,4,7,7,23,0,0,,5
ACC-10319,Company 320,Free,2024-08-01,0,1,7,5,23,0,0,2025-09-30,10
ACC-10320,Company 321,Free,2024-04-01,0,2,17,6,13,0,0,,10
ACC-10321,Company 322,Business,2024-03-01,2178,38,21,6,9,0,0,2025-09-27,1
ACC-10322,Company 323,Free,2024-10-01,0,5,12,1,18,0,0,,3
ACC-10323,Company 324,Free,2024-02-01,0,2,0,4,30,0,0,,8
ACC-10324,Company 325,Free,2025-01-01,0,1,15,3,15,0,0,2025-10-02,5
ACC-10325,Company 326,Enterprise,2024-12-01,45409,116,1,4,29,0,0,2025-09-10,3
ACC-10326,Company 327,Free,2024-09-01,0,4,31,3,0,0,0,2025-11-30,9
ACC-10327,Company 328,Free,2024-10-01,0,3,6,4,24,0,0,2025-09-06,9
ACC-10328,Company 329,Enterprise,2025-01-01,99301,76,52,5,0,1,0,,
ACC-10329,Company 330,Business,2024-03-01,3069,27,16,5,14,0,0,,3
ACC-10330,Company 331,Business,2024-02-01,4752,35,5,8,25,0,0,2025-10-29,6
ACC-10331,Company 332,Free,2025-01-01,0,1,3,8,27,0,0,2025-09-07,4
ACC-10332,Company 333,Free,2024-06-01,0,5,2,5,28,0,0,2025-09-21,2
ACC-10333,Company 334,Team,2024-11-01,203,12,5,6,25,0,0,2025-09-18,1
ACC-10334,Company 335,Business,2025-04-01,1287,50,23,7,7,0,0,2025-10-10,
ACC-10335,Company 336,Free,2024-05-01,0,2,44,8,0,0,0,,2
ACC-10336,Company 337,Free,2024-03-01,0,4,28,1,2,0,0,2025-11-05,2
ACC-10337,Company 338,Free,2025-07-01,0,2,7,7,23,0,0,2025-10-01,0
ACC-10338,Company 339,Team,2025-06-01,319,16,18,1,12,0,0,2025-09-12,3
ACC-10339,Company 340,Free,2024-12-01,0,3,11,3,19,0,0,,
ACC-10340,Company 341,Free,2024-10-01,0,4,104,6,0,1,1,2025-09-30,3
ACC-10341,Company 342,Free,2024-06-01,0,4,107,4,0,1,1,2025-09-17,1
ACC-10342,Company 343,Free,2024-12-01,0,1,28,1,2,0,0,2025-11-25,10
ACC-10343,Company 344,Free,2024-01-01,0,1,1,5,29,0,0,2025-11-12,10
ACC-10344,Company 345,Free,2025-09-01,0,1,21,5,9,0,0,2025-09-03,
ACC-10345,Company 346,Team,2024-04-01,232,14,11,5,19,0,0,2025-11-06,6
ACC-10346,Company 347,Free,2024-10-01,0,2,0,8,30,0,0,2025-12-01,
ACC-10347,Company 348,Free,2024-03-01,0,1,12,2,18,0,0,2025-09-10,4
ACC-10348,Company 349,Free,2024-09-01,0,4,57,5,0,1,0,2025-09-06,1
ACC-10349,Company 350,Free,2024-04-01,0,1,0,6,30,0,0,2025-09-13,1
ACC-10350,Company 351,Free,2024-12-01,0,3,86,5,0,1,1,2025-09-04,6
ACC-10351,Company 352,Free,2025-09-01,0,2,1,3,29,0,0,,7
ACC-10352,Company 353,Free,2025-07-01,0,4,2,1,28,0,0,2025-11-15,7
ACC-10353,Company 354,Free,2024-04-01,0,4,9,1,21,0,0,2025-09-06,9
ACC-10354,Company 355,Free,2025-07-01,0,2,24,2,6,0,0,2025-10-31,10
ACC-10355,Company 356,Enterprise,2025-09-01,73852,88,0,8,30,0,0,2025-11-10,
ACC-10356,Company 357,Free,2025-04-01,0,3,18,7,12,0,0,2025-11-01,
ACC-10357,Company 358,Business,2025-03-01,4554,38,1,8,29,0,0,2025-11-29,
ACC-10358,Company 359,Free,2025-02-01,0,1,99,5,0,1,1,2025-09-21,10
ACC-10359,Company 360,Team,2025-03-01,435,16,0,8,30,0,0,2025-10-16,1
ACC-10360,Company 361,Team,2024-04-01,348,5,101,5,0,1,1,2025-10-15,0
ACC-10361,Company 362,Free,2024-06-01,0,4,2,5,28,0,0,2025-11-07,
ACC-10362,Company 363,Free,2025-01-01,0,2,7,7,23,0,0,,10
ACC-10363,Company 364,Free,2025-07-01,0,1,98,3,0,1,1,2025-12-01,0
ACC-10364,Company 365,Free,2025-06-01,0,4,55,3,0,1,0,2025-11-15,
ACC-10365,Company 366,Business,2025-08-01,4752,30,21,4,9,0,0,,4
ACC-10366,Company 367,Business,2025-03-01,1782,18,27,5,3,0,0,2025-09-22,8
ACC-10367,Company 368,Enterprise,2025-09-01,52395,101,27,3,3,0,0,2025-09-09,2
ACC-10368,Company 369,Free,2025-05-01,0,5,5,8,25,0,0,2025-09-07,10
ACC-10369,Company 370,Team,2025-06-01,406,18,0,1,30,0,0,2025-11-06,2
ACC-10370,Company 371,Business,2024-10-01,2574,19,0,1,30,0,0,2025-10-05,
ACC-10371,Company 372,Free,2025-06-01,0,2,15,5,15,0,0,2025-11-25,6
ACC-10372,Company 373,Free,2025-02-01,0,3,0,8,30,0,0,2025-09-11,10
ACC-10373,Company 374,Team,2024-12-01,319,11,4,3,26,0,0,2025-11-16,6
ACC-10374,Company 375,Free,2024-09-01,0,5,36,1,0,0,0,2025-09-02,0
ACC-10375,Company 376,Business,2024-05-01,2970,48,28,8,2,0,0,2025-09-22,5
ACC-10376,Company 377,Free,2025-05-01,0,2,24,7,6,0,0,2025-10-11,
ACC-10377,Company 378,Team,2024-08-01,319,15,74,8,0,1,1,2025-09-09,
ACC-10378,Company 379,Free,2024-12-01,0,4,28,1,2,0,0,2025-10-21,1
ACC-10379,Company 380,Free,2025-01-01,0,3,60,6,0,1,0,2025-09-27,0
ACC-10380,Company 381,Free,2024-10-01,0,2,5,1,25,0,0,2025-11-05,3
ACC-10381,Company 382,Business,2025-02-01,1584,23,28,3,2,0,0,,0
ACC-10382,Company 383,Team,2024-03-01,203,6,16,4,14,0,0,2025-10-10,10
ACC-10383,Company 384,Free,2025-01-01,0,4,5,1,25,0,0,2025-09-13,
ACC-10384,Company 385,Free,2025-07-01,0,1,1,5,29,0,0,2025-10-26,7
ACC-10385,Company 386,Business,2025-01-01,3465,11,7,7,23,0,0,2025-09-23,10
ACC-10386,Company 387,Free,2024-05-01,0,3,8,2,22,0,0,,6
ACC-10387,Company 388,Business,2025-06-01,4455,15,54,6,0,1,0,,8
ACC-10388,Company 389,Free,2024-05-01,0,2,2,2,28,0,0,,0
ACC-10389,Company 390,Free,2025-06-01,0,4,1,4,29,0,0,2025-09-30,5
ACC-10390,Company 391,Free,2024-05-01,0,2,50,6,0,1,0,2025-10-20,4
ACC-10391,Company 392,Free,2025-07-01,0,2,5,4,25,0,0,2025-09-10,5
ACC-10392,Company 393,Team,2024-05-01,435,20,7,2,23,0,0,,4
ACC-10393,Company 394,Free,2024-05-01,0,5,16,2,14,0,0,2025-09-28,9
ACC-10394,Company 395,Free,2025-07-01,0,4,9,8,21,0,0,2025-11-12,3
ACC-10395,Company 396,Business,2025-07-01,2772,18,7,1,23,0,0,2025-09-14,8
ACC-10396,Company 397,Free,2024-05-01,0,4,13,3,17,0,0,2025-10-01,0
ACC-10397,Company 398,Free,2024-08-01,0,4,3,4,27,0,0,2025-10-16,7
ACC-10398,Company 399,Business,2024-02-01,1188,30,47,5,0,1,0,2025-09-20,
ACC-10399,Company 400,Team,2025-09-01,493,16,85,4,0,1,1,2025-10-17,5
ACC-10400,Company 401,Free,2025-04-01,0,4,0,4,30,0,0,,3
ACC-10401,Company 402,Business,2024-05-01,2079,20,5,4,25,0,0,2025-10-20,7
ACC-10402,Company 403,Team,2025-04-01,580,11,2,1,28,0,0,,2
ACC-10403,Company 404,Free,2025-09-01,0,5,0,3,30,0,0,2025-10-11,9
ACC-10404,Company 405,Free,2025-09-01,0,1,10,8,20,0,0,2025-11-10,6
ACC-10405,Company 406,Team,2025-08-01,261,10,4,8,26,0,0,2025-11-23,6
ACC-10406,Company 407,Team,2024-05-01,232,5,24,7,6,0,0,2025-09-15,
ACC-10407,Company 408,Free,2025-04-01,0,5,0,8,30,0,0,2025-09-15,0
ACC-10408,Company 409,Business,2025-09-01,3663,43,19,7,11,0,0,,6
ACC-10409,Company 410,Team,2024-12-01,232,18,2,2,28,0,0,,6
ACC-10410,Company 411,Free,2024-09-01,0,2,0,2,30,0,0,2025-10-14,5
ACC-10411,Company 412,Free,2025-02-01,0,3,12,5,18,0,0,2025-10-08,9
ACC-10412,Company 413,Free,2024-09-01,0,4,21,3,9,0,0,2025-09-21,4
ACC-10413,Company 414,Team,2025-07-01,464,17,2,3,28,0,0,,5
ACC-10414,Company 415,Free,2025-06-01,0,5,0,2,30,0,0,2025-10-02,6
ACC-10415,Company 416,Free,2024-03-01,0,1,15,7,15,0,0,2025-10-11,8
ACC-10416,Company 417,Team,2024-10-01,174,10,31,5,0,0,0,,8
ACC-10417,Company 418,Business,2025-05-01,2376,49,2,1,28,0,0,2025-11-20,6
ACC-10418,Company 419,Free,2024-12-01,0,4,6,2,24,0,0,2025-09-22,8
ACC-10419,Company 420,Business,2025-07-01,3168,32,4,7,26,0,0,2025-10-29,
ACC-10420,Company 421,Free,2025-05-01,0,1,82,5,0,1,1,2025-09-19,7
ACC-10421,Company 422,Business,2025-01-01,4554,40,18,1,12,0,0,2025-10-29,
ACC-10422,Company 423,Free,2025-09-01,0,2,18,1,12,0,0,2025-10-29,1
ACC-10423,Company 424,Free,2025-01-01,0,3,1,6,29,0,0,,2
ACC-10424,Company 425,Team,2024-07-01,580,11,3,4,27,0,0,2025-09-13,1
ACC-10425,Company 426,Free,2024-04-01,0,1,31,1,0,0,0,2025-10-15,7
ACC-10426,Company 427,Free,2025-07-01,0,3,13,7,17,0,0,,0
ACC-10427,Company 428,Team,2025-05-01,522,20,42,3,0,0,0,2025-11-16,7
ACC-10428,Company 429,Team,2024-11-01,145,5,3,5,27,0,0,,4
ACC-10429,Company 430,Team,2025-04-01,435,16,2,6,28,0,0,2025-10-11,2
ACC-10430,Company 431,Team,2025-07-01,261,12,16,7,14,0,0,,2
ACC-10431,Company 432,Free,2025-04-01,0,1,69,6,0,1,1,2025-10-24,9
ACC-10432,Company 433,Free,2024-02-01,0,4,1,5,29,0,0,2025-09-12,
ACC-10433,Company 434,Free,2024-11-01,0,3,96,5,0,1,1,2025-10-10,
ACC-10434,Company 435,Free,2025-08-01,0,2,17,8,13,0,0,2025-10-05,6
ACC-10435,Company 436,Business,2025-08-01,2772,39,112,7,0,1,1,2025-09-19,1
ACC-10436,Company 437,Free,2024-03-01,0,2,15,5,15,0,0,2025-10-12,7
ACC-10437,Company 438,Free,2024-12-01,0,5,36,3,0,0,0,2025-09-08,1
ACC-10438,Company 439,Free,2024-07-01,0,2,65,8,0,1,1,2025-11-28,8
ACC-10439,Company 440,Business,2024-03-01,1584,26,51,5,0,1,0,,7
ACC-10440,Company 441,Free,2025-09-01,0,2,2,6,28,0,0,2025-10-21,7
ACC-10441,Company 442,Free,2025-06-01,0,3,7,8,23,0,0,2025-09-11,6
ACC-10442,Company 443,Free,2025-05-01,0,5,4,2,26,0,0,2025-10-16,2
ACC-10443,Company 444,Team,2024-10-01,145,5,19,8,11,0,0,2025-10-01,6
ACC-10444,Company 445,Free,2024-10-01,0,5,3,7,27,0,0,2025-11-11,10
ACC-10445,Company 446,Business,2025-01-01,3366,24,4,5,26,0,0,,4
ACC-10446,Company 447,Business,2025-02-01,2178,14,12,8,18,0,0,,3
ACC-10447,Company 448,Free,2024-11-01,0,1,2,2,28,0,0,,
ACC-10448,Company 449,Team,2025-03-01,145,12,1,7,29,0,0,2025-09-29,7
ACC-10449,Company 450,Business,2024-02-01,3069,15,2,8,28,0,0,,4
ACC-10450,Company 451,Team,2025-01-01,145,8,3,1,27,0,0,,1
ACC-10451,Company 452,Free,2025-05-01,0,2,80,3,0,1,1,2025-11-26,8
ACC-10452,Company 453,Free,2025-05-01,0,1,4,1,26,0,0,2025-11-04,3
ACC-10453,Company 454,Team,2025-09-01,522,15,13,7,17,0,0,2025-11-30,9
ACC-10454,Company 455,Free,2025-04-01,0,5,2,8,28,0,0,,10
ACC-10455,Company 456,Team,2024-02-01,174,16,2,8,28,0,0,,10
ACC-10456,Company 457,Business,2024-12-01,3762,22,30,5,0,0,0,2025-09-30,8
ACC-10457,Company 458,Business,2024-10-01,4356,41,3,8,27,0,0,,8
ACC-10458,Company 459,Free,2024-06-01,0,1,2,6,28,0,0,2025-09-11,2
ACC-10459,Company 460,Free,2024-01-01,0,5,27,7,3,0,0,,8
ACC-10460,Company 461,Enterprise,2024-05-01,60878,132,6,2,24,0,0,,2
ACC-10461,Company 462,Business,2024-02-01,2178,16,14,7,16,0,0,2025-09-25,9
ACC-10462,Company 463,Free,2024-09-01,0,1,5,4,25,0,0,2025-11-21,10
ACC-10463,Company 464,Business,2024-02-01,3267,45,6,5,24,0,0,2025-11-22,1
ACC-10464,Company 465,Business,2024-07-01,4257,16,1,4,29,0,0,2025-11-09,8
ACC-10465,Company 466,Free,2025-02-01,0,1,29,2,1,0,0,,
ACC-10466,Company 467,Free,2025-01-01,0,5,95,8,0,1,1,2025-10-22,5
ACC-10467,Company 468,Free,2024-12-01,0,4,18,4,12,0,0,2025-09-22,4
ACC-10468,Company 469,Free,2024-12-01,0,4,7,5,23,0,0,2025-09-26,
ACC-10469,Company 470,Free,2024-10-01,0,1,4,5,26,0,0,2025-09-27,9
ACC-10470,Company 471,Business,2024-05-01,1584,12,7,4,23,0,0,,1
ACC-10471,Company 472,Free,2025-07-01,0,4,10,3,20,0,0,2025-09-04,1
ACC-10472,Company 473,Free,2025-08-01,0,3,26,6,4,0,0,2025-10-07,1
ACC-10473,Company 474,Free,2024-08-01,0,5,0,5,30,0,0,2025-10-22,2
ACC-10474,Company 475,Free,2024-11-01,0,5,12,7,18,0,0,2025-09-16,1
ACC-10475,Company 476,Business,2024-08-01,3663,28,6,1,24,0,0,2025-10-29,
ACC-10476,Company 477,Free,2025-05-01,0,4,2,7,28,0,0,2025-11-06,8
ACC-10477,Company 478,Free,2024-08-01,0,2,1,2,29,0,0,,5
ACC-10478,Company 479,Team,2024-12-01,319,15,27,3,3,0,0,2025-09-14,7
ACC-10479,Company 480,Free,2025-08-01,0,2,7,6,23,0,0,,1
ACC-10480,Company 481,Free,2024-04-01,0,1,60,5,0,1,0,,1
ACC-10481,Company 482,Free,2024-10-01,0,4,8,4,22,0,0,,4
ACC-10482,Company 483,Free,2025-06-01,0,4,2,1,28,0,0,,
ACC-10483,Company 484,Free,2024-07-01,0,5,102,2,0,1,1,2025-10-28,10
ACC-10484,Company 485,Free,2024-12-01,0,1,17,4,13,0,0,2025-09-27,1
ACC-10485,Company 486,Free,2024-11-01,0,4,93,1,0,1,1,,4
ACC-10486,Company 487,Business,2024-11-01,4059,35,2,5,28,0,0,,8
ACC-10487,Company 488,Free,2024-09-01,0,1,113,5,0,1,1,,6
ACC-10488,Company 489,Free,2024-05-01,0,1,52,4,0,1,0,2025-09-19,
ACC-10489,Company 490,Team,2024-10-01,435,19,14,4,16,0,0,2025-10-23,8
ACC-10490,Company 491,Free,2024-05-01,0,4,60,6,0,1,0,,1
ACC-10491,Company 492,Team,2024-06-01,435,9,87,5,0,1,1,2025-09-11,4
ACC-10492,Company 493,Free,2024-05-01,0,2,12,5,18,0,0,2025-09-14,3
ACC-10493,Company 494,Enterprise,2024-08-01,27944,141,1,8,29,0,0,2025-10-15,
ACC-10494,Company 495,Free,2025-01-01,0,4,7,7,23,0,0,2025-11-30,6
ACC-10495,Company 496,Free,2024-08-01,0,2,120,8,0,1,1,2025-09-30,7
ACC-10496,Company 497,Free,2024-08-01,0,4,50,6,0,1,0,2025-09-19,8
ACC-10497,Company 498,Enterprise,2025-09-01,29441,183,45,4,0,0,0,2025-10-12,0
ACC-10498,Company 499,Free,2025-06-01,0,4,0,5,30,0,0,2025-10-26,6
ACC-10499,Company 500,Free,2024-10-01,0,5,0,8,30,0,0,,2
